test	abs	rel	maxabs
w_L_projected_minus_w_M	1.3063047941417023	0.001413654516807044	0.1746600688993949
