rule_bucket	shape	count	fake_sum	fake_min	fake_median	fake_max	representability_min	representability_median	representability_max	z_min	z_max
fake_high_ambiguous_or_poor	atom_local	4	0.1324879486192776	0.015309193227900156	0.03312198755517424	0.05093478028102896	0.8612732034303593	0.9046469163892639	0.9480206250889278	-1.6902185584962943	1.690218558490563
fake_high_ambiguous_or_poor	outer_tail	2	1.1014187384441638	0.5507093691841991	0.5507093692220819	0.5507093692599647	0.9871648962682309	0.9871648963356274	0.987164896403024	-5.1315223087622375	5.131522308846978
fake_high_bond_spanning	bond_axis_midbond	2	1.5453189364557791	0.7726594682255536	0.7726594682278896	0.7726594682302254	0.975897114314934	0.9758971143198629	0.975897114324792	-2.7470919911732548	2.7470919911998424
relaxed_atom_local_fake_ge_1e_m3_repr_ge_0p95	atom_local	20	16.4506149895064	0.23807404745101562	0.7647734764508186	1.9626623921116761	0.964633665463177	0.9850255197546738	0.9895987140450503	-2.901311031344079	2.9013110313391755
strict_fake_ge_1e_m3_repr_ge_0p99	atom_local	64	59.998226203077564	0.26743961000956906	0.8867232533994422	2.0483570557974797	0.9907521842969714	0.9968978273737081	0.9996060577331705	-4.537604058370171	4.5376040583837405
strict_fake_ge_1e_m3_repr_ge_0p99	bond_axis_midbond	6	4.301712691194367	0.3216648212427162	0.7935469995827847	1.0356445247821724	0.9921514097882053	0.9992060402537268	0.9992566328313184	-9.185825405088574	9.185825405074317
strict_fake_ge_1e_m3_repr_ge_0p99	outer_tail	2	2.394309338391867	1.197154669153897	1.1971546691959336	1.1971546692379704	0.9972080712272371	0.9972080712322331	0.997208071237229	-5.798131209215233	5.798131209236177
strict_fake_ge_1e_m3_repr_ge_0p99	transverse_bond	8	7.505225563287107	0.8794468685966472	0.9381531954110208	0.9968595222249634	0.9990891582823821	0.9992651470421909	0.999441135801792	-6.247944814710751	6.247944814710413
